Subname,Category,Red,Green,Blue,Blue_Yellow,Green_Magenta,Lightness,Hue,Saturation,Value
Grape_Train_Grape_Black_rot,Grape_Black_rot,-0.6966081785496325,-0.5691373467591803,-0.12641671576370822,0.9679222068576753,1.3112048182764564,-0.48162153940024144,1.0068554696420926,0.4423581614111459,-0.8306434520671988
Grape_Train_Grape_Esca,Grape_Esca,0.8152771351956372,0.937537896825887,-0.45259769277821077,0.4988347701058858,-0.1377769067004537,0.5143411429115601,0.8706095713393167,0.7151053445264349,0.5494355747065995
Grape_Train_Grape_healthy,Grape_healthy,0.058871178492214286,-0.10158520313077489,0.4431517617121429,-0.5901301976085069,-0.6986113185027181,-0.2758445239606317,0.07164401660913754,0.2781437144902493,0.1514115462089154
Grape_Train_Grape_spot,Grape_spot,0.45686468779566464,0.7015429114510394,0.7232396738053366,-0.9553136251051328,-0.7383436149228884,0.991361946073821,-1.3810727196050983,-0.5861931973984024,0.894268903473778
image (1362)_Train_Grape_Esca,Grape_Esca,0.4419703075345003,0.6409039679158958,-0.7066531717562642,0.7030768474729061,-0.10151515483707871,0.11272178348498076,0.5093862682636684,0.4456295971783098,0.3095336080786718
image (252)_Train_Grape_spot,Grape_spot,0.848867187720706,0.46399998551458305,0.6045917783526937,-0.6473263683754105,-0.6553159632004659,0.8338961474832072,-1.17345999929739,0.18809104796097317,0.6115126860624471
image (296)_Train_Grape_healthy,Grape_healthy,-0.000560983495605424,-0.12198607118482441,0.6536995254942775,-0.8584399006745528,-0.7163023422355415,-0.3868013112831404,-0.08082161362642441,-0.7678121415720875,-0.1529873090993325
