column,mean,std
Red,0.2904483270833333,0.07287127634508028
Green,0.24837605057291665,0.07966229651082958
Blue,0.3212270057708333,0.08364729068423558
Blue_Yellow,0.05439070964583331,0.04546373411250528
Green_Magenta,0.023459220719791656,0.029894019022696953
Lightness,0.2662058848177083,0.0876745148696876
Hue,0.053466464778125,0.033318368160427124
Saturation,0.16653466460937497,0.07614852246236016
Value,0.24257155787499998,0.07544805803143798
