column,mean,std
Red,0.3195871217708333,0.0633774905902221
Green,0.28745003251822915,0.06253753095202301
Blue,0.3249980678984375,0.0617327387974095
Blue_Yellow,0.05439392258671873,0.038074803173399216
Green_Magenta,0.028295509950731757,0.028934479945623263
Lightness,0.32313660494479163,0.06713177540273389
Hue,0.07724355515234373,0.031174442436978877
Saturation,0.1655341800127604,0.0525252230161903
Value,0.2868672958255208,0.057493920010919936
