categories: ['Grape_Black_rot', 'Grape_Esca', 'Grape_healthy', 'Grape_spot']
theta_0: [-0.05554938271604938, -0.05554320987654321, -0.05282716049382716, -0.05554938271604938]
theta_1: [[0.49849305146672496, 0.16852825569606703, -0.05117554089004686, 0.7959400503853562, 0.33381992969641655, 0.6431449991322546, 1.0996554352392618, 0.8018883455211728, 0.10807752959917004], [0.4650357908217823, 1.0464775113537834, -0.005023814018671607, 0.3859288139804187, 0.41540244403350396, 0.5568581220870801, 0.2230365532738334, 0.7804828914281288, 0.6772179707759938], [0.35206931863070545, 0.050919704769794454, 0.6130360597739531, -1.1518567290819879, -0.9150580660996654, 0.1381184163278755, -0.050800341075038405, -1.0120114730599385, 0.5610281632497163], [-0.2911637459849745, -0.31380507435522703, 0.7383462501315631, 0.8296900344403689, 0.9256194169617207, -0.07513231382014918, -0.4726792456163884, 0.579620179303175, -0.2967322963020641]]